index,rank,name_russian,name_original,year,reason,summary
184,4,Ночной патруль,,1957,Too generic (no actual content),“Night Patrol” is a Soviet feature film filmed in 1957 by director Vladimir Sukhobokov. The Soviet actor and singer Mark Bernes starred in one of the main roles.
197,17,Я встретил девушку,Ман бо духтаре вохурдам,1957,Too generic (no actual content),"“I Met a Girl” is a film directed by Rafail Perelshtein, shot by him in 1957. The first color feature film of the Stalinabad film studio ""Tajikfilm"", Tajik SSR."
202,22,Борец и клоун,,1957,Too generic (no actual content),“The Fighter and the Clown” is a Soviet color feature film filmed at the Mosfilm studio in 1957. Director Konstantin Yudin began working on the film.
211,1,ЧП. Чрезвычайное происшествие,,1958,Too short,"- 13 13. 1958, 159 Ð¼Ð¸Ð½."
216,6,Красные листья,,1958,Too generic (no actual content),"“Red Leaves” is a Soviet feature film directed by Vladimir Korsh-Sablin, filmed at the Belarusfilm film studio in 1958. The film premiered on December 8, 1958."
218,8,Любовное свидание,"Cita de amor, Una",1958,Dictionary definition,"A date (or a romantic date) is a pre-arranged meeting between two lovers; in general, a meeting of two people looking for acquaintance, mutual relationships. In its most general sense, it is a meeting of two people building a relationship and exploring whether they are compatible to spend time together as a couple."
220,10,Девушка с гитарой,,1958,Too generic (no actual content),"“Girl with a Guitar” is a Soviet feature film filmed by director Alexander Faintzimmer at the Mosfilm studio in 1958. Script writers: Boris Laskin, Vladimir Polyakov."
256,46,Шквал,Теңіз дауылында,1958,Dictionary definition,"According to the World Meteorological Organization (WMO) (1962), a squall is an increase in wind speed of more than 8 m/s for several (3 to 20) seconds with a minimum wind speed of 11 m/s maintained for one minute. Wind speed during a squall can reach 20-25 m/s or more, duration - from several minutes to an hour and a half."
283,27,Девушка с кувшином,"Moza de cántaro, La",1953,Dictionary definition,"“Girl with a Jug” (other names: “Milkmaid”, “Tsarskoye Selo Statue”, “Peretta”) is a fountain in the Catherine Park of Tsarskoye Selo in St. Petersburg (the author of the project is Augustine Betancourt, the sculptor is Pavel Sokolov), a monument of landscape architecture and sculpture of the early 19th century of federal and international significance, which became known as the “Tsarskoye Selo Statue”."
287,31,Небо зовёт,,1959,Too generic (no actual content),“The Sky is Calling” is a Soviet science fiction feature film produced at the film studio named after. Dovzhenko in 1959 by directors Alexander Kozyr and Mikhail Karyukov.
288,32,Золотой эшелон,,1959,Dictionary definition,"1919 There is a civil war in Siberia. Taking advantage of the complete confusion, Admiral Kolchak wants to take part of the country’s gold reserves abroad."
293,37,Ветер,,1958,Dictionary definition,"Wind is a flow of air that moves near the earth's surface. On Earth, the wind is a flow of air moving predominantly in a horizontal direction; on other planets, it is a flow of atmospheric gases characteristic of them."
312,7,Поднятая целина,,1961,Dictionary definition,"“Virgin Soil Upturned” is a novel by M. The first volume was published in 1932, the second in 1959."
326,21,Впереди - крутой поворот,,1960,Too generic (no actual content),A Sharp Turn Ahead” is a Soviet black and white feature film produced at the Belarusfilm studio in 1960 by director Richard Viktorov. They are looking for the driver who hit a woman on the highway
339,34,Отверженные,"Wretched, The",1958,Dictionary definition,“Les Misérables” (French: “Les Misérables”) is an epic novel by the French classic Victor Hugo. Widely recognized by world literary criticism and the world community as the apogee of the writer’s creativity and one of the greatest novels of the 19th century.
397,92,Закон есть закон,"Law Is the Law, The",1958,Dictionary definition,"“The Law is the Law” (French La loi c'est la loi. The world premiere took place on September 17, 1958."
429,124,Сын Иристона,,1959,Too generic (no actual content),"“Son of Iriston” is a Soviet feature and journalistic film produced at the Lenfilm studio in 1959 by director Vladimir Chebotarev. The film premiered on January 19, 1960."
430,125,Горькая любовь,Bitter Love,1958,Too generic (no actual content),"Bitter Love (苦恋) is a film script and drama play written by Bai Hua and Peng Ning. The play was published in the magazine ""October"" in 1980 and was being prepared for film adaptation"
438,133,Огниво,"Tinder Box, The",1959,Dictionary definition,"Flint is a device for producing an open fire. It was widespread until the end of the 18th - beginning of the 19th centuries, when matches were invented and various types of lighters began to appear and then be mass-produced."
467,2,Чистое небо,,1961,Too generic (no actual content),“Clear Sky” is a Soviet feature film shot in 1961 by the famous director Grigory Chukhrai. The main roles in the film were played by Evgeny Urbansky and Nina Drobysheva.
473,8,Евдокия,,1961,Dictionary definition,"Eudokia (from ancient Greek Εὐδοκία, from εὐδοκία - “benevolence, love”) is a female name of Greek origin. In European languages, it is often confused with the name Eudoxia, which, as a proper Greek name, is another name - Greek."
474,9,Граф Монте-Кристо,"Count of Monte Cristo, The",1953,Dictionary definition,"“The Count of Monte Cristo” (French Le Comte de Monte-Cristo) is an adventure novel by Alexandre Dumas, written by him in 1844-1846, possibly co-authored with Auguste Macquet. Based on it, the plays “Monte Cristo”, “Comte de Morcerf” and “Villefort” were later written."
481,16,Сердце не прощает,,1961,Too generic (no actual content),"“The Heart Does Not Forgive” is a Soviet feature film directed by Vladimir Dovgan and Ivan Kobozev based on the play of the same name by Anatoly Sofronov, filmed in 1961 at the Yalta Film Studio."
519,54,Любушка,,1961,Dictionary definition,"Lyubushka is a river in the Smolensk region of Russia, flowing through the territory of the Novoduginsky and Sychevsky districts. The source is west of the village of Novodugino, the mouth is located 90 km along the right bank of the Vazuza River."
526,5,Парижские тайны,"Mysteries of Paris, The",1962,Dictionary definition,"“Parisian Mysteries” (Les Mystères de Paris) is a novel by Eugene Sue, one of the most popular of the 19th century, which gave birth to a fashion for the sensational criminal genre of mass literature. Published in 90 issues of the Journal des débats from June 19, 1842 to October 15, 1843."
559,38,Суд,,1962,Dictionary definition,"A court is a government body that administers justice in the form of consideration and resolution of criminal, civil, administrative and other categories of cases in the procedural order established by the law of a particular state. The system of courts that interprets and applies the law is known as the judiciary."
622,42,Им покоряется небо,,1963,Too generic (no actual content),“They Conquer the Sky” is a Soviet feature black-and-white film shot by film director Tatyana Lioznova in 1963. The film is dedicated to the fallen test pilots.
626,46,Козара,Kozara,1962,Dictionary definition,"Kozara / Kozara is a mountain range in the west of Bosnia and Herzegovina (administratively part of the Republika Srpska. Natural borders are: the Sava River in the north, the Vrbas River in the east, the Sana River in the south and Una in the west."
647,67,Иоланта,Jolanta,1963,Too generic (no actual content),“Iolanta” is a film adaptation of the opera of the same name by P. Tchaikovsky based on the drama of the Danish poet and playwright Henrik Hertz “King René’s Daughter.
699,119,Капроновые сети,,1962,Too generic (no actual content),"“Kapron Nets” is a Soviet children’s adventure film directed by Gennady Poloka and Levan Shengelia, filmed at the Mosfilm studio in 1962. The film was released in wide release in 1963."
813,3,"Операция ""Ы"" и другие приключения Шурика",,1965,Too generic (no actual content),"“Operation Y and other adventures of Shurik” is a Soviet comedy feature film filmed in 1965 by director Leonid Gaidai. The film premiered on July 23, 1965 at the Moscow Rossiya cinema."
825,15,Чёрный бизнес,,1965,Too generic (no actual content),"Black Business” is a Soviet film directed by Vasily Zhuravlev, released in 1965. The scenario is based on the capture of shop workers Shakerman and Roifman, who were subsequently shot"
833,23,Жили-были старик со старухой,,1964,Too generic (no actual content),"Once Upon a Time There Were an Old Man and an Old Woman” is a Soviet feature-length black-and-white film directed by Grigory Chukhrai, filmed in 1964 at the Mosfilm film studio"
834,24,Зайчик,,1964,Too generic (no actual content),"“Bunny” is a Soviet comedy full-length feature film, shot at the Lenfilm studio in 1964, the debut of director L. One of the leaders in Soviet box office in 1965."
862,52,Третья молодость,,1965,Too generic (no actual content),“The Third Youth” (French: La Nuit des adieux - “The Night of Farewell”) is a Soviet-French feature film produced in 1965. Film adaptation of the novel by Pierre Gilbert.
864,54,Секретарша,"Suddenly, a Woman!",1963,Too generic (no actual content),"“Secretary” is a film directed by Steven Sheinberg. The film was released in the United States on January 11, 2002, and in Russia on January 13, 2002."
903,93,Разводов не будет,Rozwodów nie będzie,1963,Dictionary definition,"The heroine of the third novella is a high school graduate (Magda Zawadzka) who escaped from the deep provinces to Warsaw to seek happiness here. He wants to make a career on the stage or anything else, as long as it is in the capital."
920,110,Скованные одной цепью,"Defiant Ones, The",1958,Dictionary definition,"“Chained by one chain” (“Mutual responsibility”) is the eleventh song of the album “Separation” by the group “Nautilus Pompilius”, which became one of the calling cards of the group. Words: Ilya Kormiltsev, music: Vyacheslav Butusov, Alexey Mogilevsky."
928,118,Актёр,"Comedy Man, The",1964,Dictionary definition,"Acting (outdated “acting”) is a professional creative activity in the field of performing arts, consisting in the creation of stage images (roles), a type of performing arts. When performing a certain role in a theatrical performance, the actor, as it were, likens himself to the person on whose behalf he is acting in the play."
957,147,Над нами Южный крест,,1965,Too generic (no actual content),"The Southern Cross Above Us” is a film directed by Vadim Ilyenko and Igor Bolgarin, filmed in 1965 at the A. The film's consultant was the famous polar aviation pilot, Hero of the Soviet Union I"
979,169,Золотой гусь,"Golden Goose, The",1964,Dictionary definition,"“The Golden Goose” (German: Die goldene Gans) is a fairy tale by the Brothers Grimm about a “stupid” youngest son who managed to marry the princess with the help of the forest man and his golden goose. In the collection of fairy tales of the Brothers Grimm it is numbered 64, according to the Aarne-Thompson classification system of fairy tales, and has numbers 571, 559, 513B."
1016,5,Приключения Питкина в больнице,"Stitch in Time, A",1963,Dictionary definition,"This time Pitkin is a salesman in a butcher shop. One day he has to call an ambulance for the shop owner, Mr."
1020,9,Стряпуха,,1965,Too generic (no actual content),"“The Cook” is a Soviet feature film, a lyrical comedy film directed by Edmond Keosayan, based on the play of the same name by Anatoly Sofronov. The film premiered in June 1966."
1038,27,Гибель эскадры,,1965,Too generic (no actual content),“The Death of the Squadron” is a Soviet feature film filmed by director Vladimir Dovgan in 1965 at the film studio named after. Dovzhenko based on the play of the same name by A.
1043,32,Эскадра уходит на запад,,1965,Too generic (no actual content),“The Squadron Goes West” is a Soviet feature film filmed in 1965 by directors Miron Bilinsky and Nikolai Vingranovsky at the Odessa Film Studio. The film takes place during the Civil War.
1053,42,Совесть,,1965,Dictionary definition,Conscience is a mental (cognitive) process that evokes emotions and rational associations based on a person’s moral philosophy or value system. A sense of moral responsibility for one’s behavior before other people and society.
1075,64,Приключения Вернера Хольта,"Adventures of Werner Holt , The",1964,Too generic (no actual content),"The Adventures of Werner Holt” (German: Die Abenteuer des Werner Holt) is a film directed by Joachim Kunert, released in 1965. Screen adaptation of the novel of the same name by Dieter Noll"
1081,70,Чёртово колесо,Ohne Paß in fremden Betten,1965,Dictionary definition,The Ferris wheel is an attraction in the form of a rapidly rotating horizontal flat disk. The Ferris Wheel has been a traditional part of Oktoberfest since at least 1910.
1110,99,Покушение,"Assassination, The",1964,Dictionary definition,"Attempted crime is the actions of a person directly aimed at committing a crime, but not completed due to circumstances beyond the control of this person. In most criminal legal systems of the world, an attempt to commit a crime, in accordance with the views of the classical school of criminal law, is interpreted as the beginning of the execution of a crime."
1122,111,Крылья,,1966,Too generic (no actual content),“Wings” is a Soviet feature film directed by Larisa Shepitko (1966). The film was attended by the flight technical staff of the Central Aero Club named after V.
1123,112,Окровавленная рубашка,Krvava kosulja,1957,Dictionary definition,"Waving the bloody shirt, in the context of US history, is a political strategy used by Republicans to attract voters by recalling the passions and hardships of the recent Civil War."
1126,115,Пароль,"Password, The",1965,Dictionary definition,"A password, also a security key, (French parole - word) is a conventional word or an arbitrary set of characters, consisting of letters, numbers and other symbols, and intended to confirm identity or authority. If only numbers are allowed, then this combination is sometimes called a PIN code (from the English abbreviation PIN - personal identification number)."
1158,147,Деревянные четки,"Wooden Rosary, The",1964,Dictionary definition,"Blog & Journals Read our Blogs 500th anniversary of Our Lady of Guadalupe Catholic Company MagazineThe 500th Anniversary of the Apparition of Our Lady of Guadalupe Grows Closer: What Is The Living Miracle of Her Message. It was to this humble indigenous convert that Our Lady appeared in 1531, and it is his tilma; the same tilma on which her image miraculously appeared, that still hangs untouched by time in Mexico t."
1167,156,Служебное положение,Sluzbeni polozaj,1964,Dictionary definition,"Military position (V/D) is the position (formerly rank) of a soldier (military or reserve (retired)) of the armed forces of the state, which determines his position (rights and obligations) in relation to other military personnel or those liable for military service, in peacetime or war. Every citizen (in some states and non-citizen, for example in the USA) undergoing military service (trained for military service in military educational institutions and equivalent ones) in the armed forces in accordance with his official position, military or special training, belonging to a branch of the Armed Forces, a branch of troops (forces) of a branch of the Armed Forces, special forces or a branch (branch) of service, as well as on personal state (service) merits, is personally assigned to military service."
1209,16,Вертикаль,,1966,Too generic (no actual content),"“Vertical” is a Soviet feature film on the theme of mountaineering, the graduation work of directors Stanislav Govorukhin and Boris Durov. The film premiered in July 1967."
1224,31,Снега Килиманджаро,"Snows of Kilimanjaro,The",1952,Dictionary definition,"“The Snows of Kilimanjaro” is a short story by Ernest Hemingway, published in 1936. It was first published in the American edition of Esquire magazine for August 1936."
1225,32,"Женя, Женечка и ""катюша""",,1967,Too generic (no actual content),"“Zhenya, Zhenechka and Katyusha” is a Soviet color tragicomedy feature film filmed at the Lenfilm studio in 1967 by director Vladimir Motyl. The film takes place during the Great Patriotic War."
1233,40,Дикий мёд,,1966,Too generic (no actual content),“Wild Honey” is a Soviet feature film shot by director Vladimir Chebotarev at the Mosfilm studio in 1966. Screen adaptation of the novel of the same name by Leonid Pervomaisky.
1235,42,Лекарство от любви,"Cure for Love, A",1965,Dictionary definition,"“The Cure for Love”, also “Remedies for Love” and “The Cure for Love” (Latin: Remedia Amoris or Remedium Amoris) is an ancient didactic poem by the ancient Roman poet Publius Ovid Naso, written at the beginning of the 1st century. It is a continuation of the poem “The Science of Love” and completes the first period of the poet’s work."
1253,60,Начальник Чукотки,,1966,Too generic (no actual content),"“The Chief of Chukotka” is a Soviet black and white comedy film produced at the Lenfilm studio in 1966 by director Vitaly Melnikov. The film premiered in the USSR on April 17, 1967."
1269,76,"Я солдат, мама",,1966,Too generic (no actual content),"I am a soldier, mother” is a Soviet feature film shot by Greek-Soviet director Manos Zacharias at the Mosfilm film studio in 1966. The film premiered in February 1966"
1281,88,Волчица,"She-Wolf, The",1965,Dictionary definition,"The wolf, or gray wolf, or common wolf (Latin Canis lupus), is a species of predatory mammal from the canine family (Canidae). Along with the coyote (Canis latrans), the common jackal (Canis aureus) and several other species, it makes up the genus of wolves (Canis)."
1325,132,"Белые, белые аисты","Лайлак келди, ёз бўлди",1966,Too generic (no actual content),"Lilak keldi, yoz buldi) is a Soviet feature film directed by Ali Khamraev. The film was created at the Uzbekfilm film studio in 1966."
1356,163,Слово имеет прокурор,Głos ma prokurator,1965,Dictionary definition,Wojciech Trepa is the son of a small farmer. His sister is seduced by Karol Kotula and has a child with him.
1379,186,Цепь,"Chain, The",1964,Dictionary definition,"A chain is a sequence of movably interconnected, usually identical, rigid elements called “links” (in the original sense - metal rings), generally similar to a rope in that it is flexible and bends in compression, but linear, rigid and load-bearing under breaking load. A chain consists of two or more links."
1382,189,Небо нашего детства,,1966,Too generic (no actual content),"The Sky of Our Childhood (Kyrgyzstan: Bakaidyn Zhaiyty) is a Soviet feature film filmed by director Tolomush Okeyev at the Kirgizfilm studio in 1966. Writers: Kadyrkul Omurkulov, Tolomush Okeyev."
1400,12,Ошибка резидента,,1968,Too generic (no actual content),The Resident’s Mistake” is a Soviet two-part feature film produced at the Central Film Studio of Children’s and Youth named after M. Gorky in 1968 by director Veniamin Dorman
1419,31,"Огонь, вода и... медные трубы",,1967,Too generic (no actual content),"Copper Pipes” is a Soviet full-length color feature film-fairy tale, produced at the Central Film Studio of Children's and Youth Films named after M. Gorky in 1967 by director Alexander Row."
1468,80,В огне брода нет,,1967,Too generic (no actual content),“There is no ford in fire” is a Soviet black and white feature film produced at the Lenfilm studio in 1967 by director Gleb Panfilov. Gleb Panfilov's feature film debut.
1492,104,Утоление жажды,,1966,Too generic (no actual content),Quenching Thirst” is a Soviet 2-part feature black and white film directed by Bulat Mansurov based on the novel by Yu. Trifonov “Quenching Thirst” (1963
1493,105,Фокусник,,1967,Dictionary definition,"Illusionism is a type of performing art that is characterized by the use of sleight of hand, tricks, or special equipment to create the illusion of violating the usual physical properties of well-known objects. The name comes from the French word “illusionner” - “to mislead”."
1498,110,Всюду есть небо,,1966,Dictionary definition,"Tanya is a little girl who has withdrawn into herself because of a tragic incident - her father, a military pilot, died in peacetime, during a test flight. The little girl's longing for her father becomes unbearable, she even runs to watch the planes fly by, in the hope that she will finally see her dad there, but he still does not return."
1515,127,Чувства,Jausmai,1968,Dictionary definition,"Feeling is a human emotional process that reflects a subjective evaluative attitude towards real or abstract objects. Feelings are distinguished from affects, emotions and moods."
1516,1,Бриллиантовая рука,,1968,Too generic (no actual content),"“The Diamond Arm” is a Soviet eccentric comedy filmed in 1968 by director Leonid Gaidai. The script was written by Maurice Slobodsky, Yakov Kostyukovsky and Leonid Gaidai."
1552,37,На пути в Берлин,,1969,Too generic (no actual content),"“On the Way to Berlin” is a Soviet full-length black and white feature film produced at the Lenfilm studio in 1969 by director Mikhail Ershov. The film premiered in the USSR on July 14, 1969."
1564,49,Живой труп,,1968,Dictionary definition,"The Living Corpse is a play by Leo Tolstoy, written in 1900 and published posthumously. Despite the fact that the plot of the work is brought to its logical conclusion, it cannot be considered finished: the author interrupted work on the play, leaving it at the draft stage."
1575,60,Уличный регулировщик,"Vigile, Il",1960,Dictionary definition,"Othello Celetti is an unemployed man who lives with his old father, his schoolboy son Remo and his wife Amalia in her brother’s house. The wife’s earnings are not enough, so the son skips school and works part-time as a mechanic at a nearby auto repair shop."
1582,67,Комедианты,"Comedians, The",1967,Too generic (no actual content),"“The Comedians” is a film directed by Peter Glanville, released in 1967. An adaptation of Graham Greene's novel of the same name."
1632,15,Судьба резидента,,1970,Too generic (no actual content),The Fate of the Resident” is a Soviet two-part feature film produced at the Central Film Studio of Children's and Youth named after M. Gorky in 1970 by director Veniamin Dorman
1642,25,Зелёные цепочки,,1970,Too generic (no actual content),“Green Chains” is a Soviet feature film produced at the Lenfilm studio in 1970 by director G. Aronov based on the stories “Green Chains” and “Secret Fight” by G.
1684,67,Счастливый человек,,1970,Too generic (no actual content),"Happy Man” is a Soviet black and white widescreen feature film, shot in 1970 by director Igor Dobrolyubov at the Belarusfilm film studio. Nikita and Dima are in love with Olya"
1716,99,Тренер,,1969,Dictionary definition,"A coach (English trainer, from train - to educate, train, prepare) is a specialist in a particular sport who supervises the training of athletes. The coach carries out educational and training work aimed at educating, training and improving skills, developing the functional capabilities of his students."
1723,106,17-е небо,Seventeenth Heaven,1965,Dictionary definition,"Seventeenth Heaven is the twelfth Korean extended play (EP) and fifteenth overall by South Korean boy band Seventeen. It was released on October 23, 2023, by Pledis Entertainment through YG Plus, five months following the release of FML (2023)."
1766,149,Старый дом,,1969,Too generic (no actual content),"“The Old House” is a Soviet feature-length black and white film, shot by directors Boris Buneev and Valery Belyakovich at the Gorky Film Studio in 1969. The premiere took place in January 1970."
1792,175,Плюс единица,,1967,Too generic (no actual content),“Plus One” (Uzbek: Dilbarim) is a Soviet feature film that combines elements of live action shooting and animated inserts. Filmed by director Yuri Stepchuk at the Uzbekfilm film studio in 1967.
1793,1,Джентльмены удачи,,1971,Too generic (no actual content),“Gentlemen of Fortune” is a Soviet film comedy filmed in 1971 by director Alexander Sery at the Mosfilm film studio. The scriptwriters are Georgy Danelia and Victoria Tokareva.
1828,36,Укрощение строптивой,"Taming of the Shrew, The",1967,Dictionary definition,"The Taming of the Shrew is a play in five acts by William Shakespeare, written between 1590 and 1592. The date of the first production of the play has not been established."
1836,44,Король Лир,,1970,Dictionary definition,"""King Lear"" is a tragedy by William Shakespeare. Written in 1605-1606 and first staged on St."
1859,67,"Гойя, или Тяжкий путь познания",Goya or the Hard Way to Enlightenment,1971,Dictionary definition,"Goya, or The Hard Path of Knowledge (German: Goya oder der arge Weg der Erkenntnis) is a historical novel by Lion Feuchtwanger about the life of the 18th century Spanish artist Francisco Goya during his life from 1793 to 1806. It is one of the author’s later works."
1864,72,Минута молчания,,1971,Dictionary definition,A minute of silence is a symbolic ritual in memory of a tragic event and the people who died in it. Those participating in the ritual stand and honor the memory without making speeches or talking to each other.
1899,107,Чёрное солнце,,1970,Too generic (no actual content),"""Black Sun"" is a Soviet film from 1970. Political drama directed by Alexei Speshnev, based on African material based on the biography of Patrice Lumumba."
1911,119,Рыцарь королевы,Karalienes bruņinieks,1970,Dictionary definition,"Home / Books / Romance Fantasy / Anastasia Litskikh Knight of the Queen Author: Anastasia Litskikh Like (1) (0) (2) #1090 in Romance Fantasy #2920 in Fantasy New Knight of the Queen Author: Anastasia Litskikh Like (1) (0) (2) Age limit: 16+ Format: Story Like (1) (0) (2) #forbidden feelings #forbidden relationships #strong heroine #knights #romantic relationships #1090 in Romance fantasy #2920 in Fantasy She is a queen who holds the fate of an entire state in her hands. He is her faithful knight, in the hands of whom is not only her safety, but also a brave, ardent heart."
1913,121,"Завтра, третьего апреля...",,1969,Dictionary definition,April 1 is a well-known day of practical jokes and lies. And so the students of one of the Leningrad schools decided to organize a day of truth and specified the date - April 2.
1917,125,Серебряные трубы,,1970,Too generic (no actual content),"“Silver Pipes” is a Soviet feature-length black and white film filmed by director Eduard Bocharov at the Gorky Film Studio in 1970. The film premiered on May 14, 1971."
1954,162,Хатабала,,1971,Dictionary definition,"“Khatabala” is a concept consisting of the Arabic words “hata” (Arabic: خطأ‎) and “bala” (Arabic: بَلَاء‎), and means commotion, commotion, misunderstanding, confusion."
1975,183,Берёза,"Birch Tree, The",1967,Dictionary definition,Bétula) is a genus of deciduous trees and shrubs of the Birch family (lat. Birch is widespread in the Northern Hemisphere.
1977,2,Русское поле,,1971,Too generic (no actual content),"“Russian Field” is a Soviet feature film directed by Nikolai Moskalenko, shot at the Mosfilm studio in 1971. It took 4th place at the 1972 box office, attracting 56."
2008,33,Остров сокровищ,,1971,Dictionary definition,"“Treasure Island” is a novel by British writer Robert Stevenson about the adventures of finding treasure hidden by Captain Flint on a desert island. First published in 1883, before that, in the period 1881-1882, it was published in series in the children's magazine Young Folks."
2031,56,Кочующий фронт,,1971,Too generic (no actual content),"“The Nomadic Front” is a film directed by Baras Khalzanov, who is also a co-author of the script. Production of the Sverdlovsk Film Studio in 1971."
2069,94,Чёрная гора,Black Mountain,1970,Dictionary definition,"Black Mountain is a town in Buncombe County, North Carolina, United States. The population was 8,426 at the 2020 United States census."
2094,119,Не оглядывайся назад,Don't Turn Back,1970,Dictionary definition,"Colby O is the debut studio album by American singer Colby O'Donis. It was released on September 16, 2008 through Akon's record label Kon Live and Geffen Records."
2102,127,День прозрения,"Day of Purification, The",1969,Dictionary definition,"Ching Ming Festival, explainedWhat is the Ching Ming Festival. Photograph: ANTHONY WALLACE / AFPThe Ching Ming Festival (清明節) is also referred to as Tomb-Sweeping Day, or Qingming Festival in Mandarin Chinese pronunciation."
2111,136,Локис,Lokis,1970,Dictionary definition,"lokys “bear”) is a “terrible story” by Prosper Mérimée, published in the Revue des Deux Mondes in September 1869, a year before his death. The story is presented in the form of a manuscript in which Professor Wittenbach outlined the circumstances of a trip he made in 1866 to the “Medintiltas Castle”, located in the Lithuanian outback."
2158,9,Человек-оркестр,"One Man Band, The",1970,Dictionary definition,"A one-man band is a musician who plays several instruments at the same time, using his hands, feet, and various mechanical or electronic devices. In the simplest cases, in addition to the main accompanying instrument in the hands of the performer (for example, an acoustic guitar), behind his back there is a large drum with a pedal-controlled beater between his legs, and cymbals are attached between his knees."
2181,32,Золотые рога,,1972,Too generic (no actual content),"“Golden Horns” is a Soviet full-length color feature film-fairy tale, produced at the Central Film Studio of Children's and Youth Films named after M. The premiere took place on January 1, 1973."
2203,54,Великие голодранцы,,1973,Too generic (no actual content),“The Great Hungry Men” is a Soviet feature-length black and white film filmed by Lev Mirsky at the Gorky Film Studio in 1973. Screen adaptation of the first part of the “Russian Niva” duology.
2225,76,Совсем пропащий,,1973,Too generic (no actual content),“Completely Lost” is a Soviet feature-length color film filmed by director Georgy Danelia at the Mosfilm studio in 1973. An adaptation of Mark Twain's novel The Adventures of Huckleberry Finn.
2240,91,Ищу человека,,1973,Too generic (no actual content),"Looking for a Man” is a Soviet feature film directed by Mikhail Bogin, based on the book “Find a Man” by Agnia Barto at the Gorky Film Studio in 1973. The film premiered on December 24, 1973"
2255,106,Преждевременный человек,,1971,Too generic (no actual content),The Premature Man is a Soviet feature film filmed in 1971 by director Abram Room at the Mosfilm studio. Gorky’s unfinished play “Yakov Bogomolov” (circa 1916
2268,119,Облака,,1973,Dictionary definition,"A cloud is a product of condensation of water vapor suspended in the atmosphere, visible in the sky with the naked eye from the surface of the Earth and near-Earth space. In a broad sense, a cloud is an accumulation of individual particles of any substance in a certain volume."
2269,120,Хроника ночи,,1972,Too generic (no actual content),"“Chronicle of the Night” is a Soviet feature film directed by Alexei Speshnev, shot at the Belarusfilm film studio in 1972. The film premiered on June 4, 1973."
2280,131,Камень во рту,Secret Dossier of the Mafia,1970,Dictionary definition,"'The Stone in the Mouth' is the live chronicle of how the mafia conquered Sicily, the whole Italy and parts of the United States. Or how it tried to do so, thanks to the guilty underestimation of many who should have fought it."
2282,133,Мраморный дом,,1972,Too generic (no actual content),"“The Marble House” is a Soviet children's adventure film directed by Boris Grigoriev, filmed in 1972 from a script by Vasily Aksenov. The film premiered on December 30, 1973."
2283,134,Перед рассветом,,1971,Too generic (no actual content),"Before Sunrise is a film directed by Richard Linklater, released in 1995. The film received the Silver Bear prize for best director at the Berlin Film Festival."
2291,142,Запрещённые игры,Forbidden Games,1952,Too generic (no actual content),"Forbidden Games is a film by René Clément, released in 1952. A film adaptation of François Boyer's novel “The Secret Games” (French: Les jeux nationaux, 1947)."
2292,143,Семург,,1972,Too generic (no actual content),“Semurg” is a Soviet wide-screen feature film shot by director Habib Fayziev at the Uzbekfilm film studio in 1971. Screen adaptation of the poem of the same name by Hamid Alimdzhan.
2323,174,Синее небо,,1971,Dictionary definition,"1 Contributor Blue sky (Sinee nebo) Lyrics [Text of the song “Blue sky”] [Verse 1] I drive along the glass: I draw your kiss I can’t find words because you are with another And my soul is a hot ball You didn’t read the words of love in my eyes I didn’t let you share happiness for two: The sky is high, happiness is far away [Chorus] This is a blue, blue sky above your head This is a blue, blue sky to me The blue-blue sky is calling me, leading me: “Only forward. “This blue-blue sky above my head This blue-blue sky, someone else is coming towards me, living in parallel Body, soul is bored, loves and waits [Verse 2] The heavens are crying, echoing my heart There is a thunderstorm in my soul and, it’s clear why: If you are far from my love I don’t want to run away from myself anymore I can turn the pages of Life and start from scratch again I can now, I will open the door [Chorus] This The blue-blue sky above my head This blue-blue sky to me is calling me, the Blue-blue sky is leading me: “Only forward"
2372,31,Юнга Северного флота,,1973,Too generic (no actual content),"""Jung of the Northern Fleet"" is a Soviet feature film. The film debut of actors Igor Sklyar and Algis Arlauskas (they later starred together in the film “Take Care of Women” in 1981)."
2383,42,Молчание доктора Ивенса,,1973,Too generic (no actual content),"“The Silence of Doctor Ivens” is a Soviet science fiction feature film directed by Budimir Metalnikov at the Mosfilm film studio. The film premiered on April 15, 1974."
2384,43,Я служу на границе,,1973,Too generic (no actual content),"I Serve on the Border” is a Soviet feature-length black and white film filmed by director Naum Birman at the Lenfilm studio in 1973. The film premiered on May 6, 1974"
2385,44,Северная рапсодия,,1974,Too generic (no actual content),Northern Rhapsody” is a Soviet musical feature film directed by Eduard Abalyan (Abalov) in 1974. The girl Tonya s in the Far North near Cape Oleniy Nos and loves to dance
2429,88,Исполнение желаний,,1973,Too generic (no actual content),"“The Fulfillment of Desires” is a Soviet film, a social drama directed by Svetlana Druzhinina, based on the novel of the same name by Veniamin Kaverin. Filmed at the Mosfilm studio in 1973."
2458,117,Огонь,,1973,Dictionary definition,"Fire is an intense oxidation process (combustion), accompanied by radiation in the visible range and the release of thermal energy. In science, a set of hot gases released as a result of: Fire is the main phase of the combustion process and has the property of self-propagation through other combustible materials affected by it."
2471,130,Птицы над городом,,1974,Too generic (no actual content),“Birds over the City” is a Soviet children's drama filmed in 1974 by director Sergei Nikonenko. Starring Mikhail Gluzsky (the role of Bukin in his youth was played by his son Andrei).
2476,135,Спелые вишни,Ripe Cherry,1972,Dictionary definition,"Helmut Kamp, no longer young - over forty, is an experienced and respected foundation builder. He receives an offer to participate in the joint construction of a nuclear power plant with the USSR in the Baltic."
2482,141,Такие высокие горы,,1974,Too generic (no actual content),"“Such High Mountains” is a Soviet feature film filmed by director Yulia Solntseva at the Mosfilm studio in 1974. The film premiered on September 2, 1974."
2484,143,Мужчины без работы,Мъже без работа,1973,Too generic (no actual content),"""Mazhe without work"" is a film (drama) from 1973, directed by Ivan Terziev, with a script by Nikolai Nikiforov. Musicata vv filma is composed from Georgi Genkov."
2488,147,Водопад,,1973,Dictionary definition,"A waterfall is a stream of water falling vertically from a ledge in a river, crossing the river bed. Unlike a river rapids, a waterfall is characterized by a sharp drop in the absolute height of the river bottom and vertical fall."
2583,56,Дорогой мальчик,,1974,Too generic (no actual content),“Dear Boy” is a Soviet children's musical adventure film based on the play of the same name by Sergei Mikhalkov. Filmed by director Alexander Stefanovich at the Mosfilm studio in 1974.
2621,94,Земные и небесные приключения,,1974,Too generic (no actual content),"“Earthly and Heavenly Adventures” is a Soviet children's feature film, based on a script by Yuri Parkhomenko at the A. Dovzhenko Film Studio in 1974, directed by Igor Vetrov."
2650,123,Спелые гроздья,ანარეკლი,1974,Dictionary definition,"Translation of ""Anarekli"" into English reflection is the translation of ""Anarekli"" into English. reflection + Add translation Add reflection Georgian-English dictionary reflection noun act of reflecting; the state of being reflected The calm is felt especially in the morning, when the canal is like a mirror and the reflection of trees and mountains can be seen inside."
2699,172,Странствующие рыцари,Errantry,1975,Dictionary definition,"""Errantry"" is a three-page poem by J. Tolkien, first published in The Oxford Magazine in 1933."
2712,10,Комиссар полиции обвиняет,A Police Inspector Calls,1973,Too generic (no actual content),The Police Commissioner Accuses” (Romanian: Un comisar acuză) is a film from the of adventures of Commissioner Miklovan. The film ends with a very unexpected ending
2734,32,Тайна яхты «Айвенго»,"Hook, The",1975,Dictionary definition,"Write My QueryWhat Is the Hook, the Book, and the Cook Query Pitching Technique for Writers. Find out what “the hook, the book, and the cook” are in relation to writing query letters and pitching books to literary agents and book editors."
2802,100,Потрясающий Берендеев,,1975,Too generic (no actual content),“The Amazing Berendeev” is a Soviet children's film comedy filmed in 1975 by director Igor Voznesensky at the Gorky Film Studio. The songs were performed by VIA “Singing Hearts”.
2821,119,Шторм на суше,,1975,Too generic (no actual content),“Storm on Land” is a Soviet widescreen feature film filmed in 1975 by director Eduard Bocharov at the film studio named after. Gorky (Yalta branch) based on the stories of Boris Zhitkov.
2845,143,Дервиш и смерть,"Dervish and Death, The",1974,Dictionary definition,"“Dervish and Death” (Serbo-Croatian “Derviš i smrt” / “Dervish and Death”) is a novel by the Yugoslav writer Mesha Selimovic. Created in 1962-1966, the work was positively assessed by critics and in 1967 brought the author the NIN Prize for the best book in the Serbo-Croatian language."
2877,175,Школа господина Мауруса,Indrek,1975,Too generic (no actual content),Maurus” (Estonian Indrek - “Indrek”) is a Soviet feature film shot by director Mikk Mikiver in 1975 at the Tallinfilm studio based on the second part of A. Tammsaare’s pentalogy “Truth and Justice.
2881,179,Муравейник,Ant-Hill,1971,Dictionary definition,"Anthill (ant's nest) is the name of an ant's nest, which, as a rule, is noticeable by its above-ground part, which is a heap of pieces of leaves, pine needles, twigs and earth (it is the above-ground part of an ant's nest, which consists of a complex system of passages and miniature structures). Different authors put different meanings into the concept of an anthill."
2893,9,Розыгрыш,,1976,Too generic (no actual content),"“The Hoax” is a Soviet feature film, the feature-length directorial debut of Vladimir Menshov, filmed in 1976 and released on January 10, 1977. The action takes place in an ordinary Soviet school."
2931,47,Золотая лихорадка,"Gold Rush, The",1925,Dictionary definition,"gold rush) is an unorganized mass mining of gold in newly discovered deposits, which is characterized by a spontaneous influx of prospectors and predatory mining methods. New gold deposits with the possibility of extracting gold using the schlich method attract large numbers of people who flock to the region, creating prospector camps."
2976,92,По доброй воле и без принуждения,Of Your Own Free Will,1974,Dictionary definition,"What Is a Last Will and Testament. A last will and testament is a legal document that defines where your property, like money and personal items, will go after your death."
2995,111,Кенгуру,"Kenguru, A",1975,Dictionary definition,"Kangaroo (English kangaroo - from the Kuuku-Yimithiri language of the Australian aborigines gangurru ""gray kangaroo"", Latin Macropus (literally: ""big leg"")) is the commonly used name for a group of animals from the order of two-incisor marsupial mammals. In a broad sense, the term ""kangaroo"" refers to all members of the kangaroo family - especially the red-footed kangaroo, antelope kangaroo, eastern gray (giant) kangaroo and western gray kangaroo."
2996,112,Спартак (фильм-балет),,1977,Breadcrumb/navigation path,"Home / Films-performances / C / Spartacus (film-ballet) (1977) / information about the film Spartacus (film-ballet) (1977) Information about the filmActors and rolesReviews Year1977CountryUSSRReviews15 messages Rating: 10 / 18 votes Registration >>Only registered site visitors can take part in voting. information about the film-play Directors Vadim Derbenev, Yuri Grigorovich Writers Yuri Grigorovich, Vadim Derbenev Cameramen Vadim Derbenev, Victor Pishchalnikov Composer Aram Khachaturyan Artists Valentin Vyrvich, Simon Virsaladze Actors Vladimir Vasiliev (IV), Natalya Bessmertnova, Maris Liepa, Nina Timofeevafull list actors >> Country USSR Production Mosfilm Premiere January 1977 Number of spectators in the USSR 3,000,000 Film selections films about prehistoric times, films about the ancient world, films about ballet, films about uprisings, films about music Film based on the ballet of the same name by A. In my opinion, no one danced the part of Spartacus in this ballet better than Vasiliev, and better than M."
3035,151,Ужицкая республика,67 Days: The Republic of Uzhitze,1974,Dictionary definition,"“Užička Republic” (Serbo-Croatian Uzhička republika / Užička republika) is the conventional name of the territory of Western Serbia and Šumadija, liberated from German occupation and Quisling power, west of the Belgrade-Kraljevo-Novi Pazar line, which was under the control of the Yugoslavs during the Second World War in the period from September 24 to November 29, 1941 Partisans and Chetniks."
3087,34,Убийство в Восточном экспрессе,Murder on the Orient Express,1974,Dictionary definition,"Murder on the Orient Express is a detective novel by English writer Agatha Christie, written in 1933 in Iraq, where she was on an archaeological expedition with her second husband Max Mullowan. It is one of the most famous works of the novelist, a vivid example of the novels of her so-called “Oriental cycle”."
3114,61,Подставное лицо,"Front, The",1976,Dictionary definition,"A fictitious person is an individual specially selected to perform any transaction in order to hide the identity of the true beneficiary. In the legislation of most countries, the use of dummies (“nominalities”) in the economy is acceptable as long as the purpose of their use is not to evade the beneficiary from liability."
3115,62,Доброта,,1977,Dictionary definition,"Kindness is a type of behavior characterized by acts of generosity, consideration, assistance, or concern without expecting praise or reward in return. It is a subject of interest in philosophy, religion and psychology."
3116,63,Поединок в тайге,,1977,Too generic (no actual content),“Duel in the Taiga” is a Soviet adventure feature film produced at the film studio named after. Gorky in 1977 by directors Vladimir Zlatoustovsky and Ivan Lukinsky.
3160,107,Чёрный город,A fekete varos,1971,Dictionary definition,"A fekete város (The Black City, or The Black Town) is a Hungarian novel of Kálmán Mikszáth set in the town of Lőcse, today Levoča. It is based on real historical events, but the story and dialogue are fictional."
3180,127,Не уходи!,Don't Go Away,1975,Dictionary definition,"""Don't Go Away"" is a song by English rock band Oasis from their third album, Be Here Now (1997). Written by Noel Gallagher, the song was released to radio in the U."
3192,139,Страдания молодого Вертера,"Sorrows of Young Werther, The",1976,Dictionary definition,“The Sorrows of Young Werther” (German: Die Leiden des jungen Werthers - in the first editions and German: Die Leiden des jungen Werther - in modern ones) is a sentimental novel in the letters of Johann Wolfgang Goethe in 1774. The novel reflects the dramatic personal experiences of the hero against the background of German reality.
3208,3,Горбун,"Yokel, The",1959,Dictionary definition,"“The Hunchback” (English: The Adventure of the Crooked Man) is a story by English writer Arthur Conan Doyle about the famous detective Sherlock Holmes. Part of the collection ""The Memoirs of Sherlock Holmes"", published in 1893."
3218,13,"Поговорим, брат...",,1978,Too generic (no actual content),"” is a Soviet two-part adventure film filmed by Yuri Chulyukin at the Belarusfilm film studio (with the participation of Mosfilm) in 1978. The film premiered on July 26, 1979."
3233,28,Отель «У погибшего альпиниста»,"""Hukkunud Alpinisti"" hotell",1979,Dictionary definition,"“Hotel “At the Dead Mountaineer”” (full title: “The Murder Case, or Hotel “At the Dead Mountaineer” (another departure from the detective genre)”) is a story by the Strugatsky brothers in the genre of fantastic detective, written in 1969. The role model and starting point was the detective novel “The Promise” by Friedrich Dürrenmatt."
3243,38,Ралли,Rallijs,1978,Dictionary definition,"Rally is a type of auto racing that takes place on open or closed tracks using modified or specially built cars. This type of racing is different in that the races are mainly laid out on public roads, in the format “from point A to point B” with passing checkpoints."
3247,42,Всё решает мгновение,,1978,Too generic (no actual content),"“The Moment Decides Everything” is a Soviet feature film directed by Viktor Sadovsky, filmed at the Lenfilm studio in 1978. The premiere took place in July 1979."
3260,55,Объяснение в любви,,1977,Too generic (no actual content),"Declaration of Love” is a Soviet two-part feature film-melodrama directed by Ilya Averbakh based on the book “Four Quarters” by Yevgeny Gabrilovich. Production of the Lenfilm film studio, 1977"
3329,2,Москва слезам не верит,,1979,Too generic (no actual content),“Moscow Doesn’t Believe in Tears” is a Soviet melodramatic film directed by Vladimir Menshov. The premiere took place at the end of 1979 at the Moscow Zvezdny cinema.
3370,43,Сибириада,,1978,Too generic (no actual content),“Siberiada” is a Soviet color (with inserted black and white fragments) four-part epic feature film directed by Andrei Konchalovsky. In 1979 he was awarded the Grand Prix at the Cannes Film Festival.
3379,52,Допрос,Истинтаг,1979,Dictionary definition,"Interrogation is an investigative and judicial procedure in which information is obtained from the person being interrogated that is known to him and falls within the definition of the subject of proof. Interrogation can only be carried out in accordance with current legislation within the framework of tax, criminal and civil (arbitration) processes."
3393,66,Поезд чрезвычайного назначения,,1979,Too generic (no actual content),“Emergency Train” is a Soviet historical and biographical feature film filmed by director Vladimir Shevchenko at the Film Studio. The film takes place in 1922 after the end of the Russian Civil War.
3401,74,Добряки,,1979,Dictionary definition,"Gordey Kabachkov is a professional swindler. Taking advantage of the kindness of the employees of the Institute of Ancient Culture, Kabachkov makes a rapid rise up the career ladder."
3460,133,Щит города,,1979,Dictionary definition,"See what “SHIELD OF THE CITY” is in other dictionaries: The Shield is an American TV series about a corrupt police squad, the so-called Strike Team. The action takes place in one of the Los Angeles police stations, which is located in a disadvantaged area of ​​the city."
3473,146,Подарю тебе город,Туйлар муборак,1978,Too generic (no actual content),Toʻylar muborak/Tylar muborak) is a Soviet feature film directed by Eduard Khachaturov. The film was created at the Uzbekfilm film studio in 1978.
3481,154,Воздушные пешеходы,,1980,Too generic (no actual content),“Aerial Pedestrians” is a Soviet feature film released in 1979 by the Uzbekfilm film studio. The film premiered in Moscow in October 1980.
3491,164,Голуби живут в кяризах,Kärizgenler,1979,Dictionary definition,"Somewhere far away there is a war going on, but even here, deep in the rear, in a small foothill village, the war has entered every home with widowhood, orphanhood, backbreaking labor and deprivation. But grief and worries did not isolate or embitter people."
3498,171,Триптих,,1979,Dictionary definition,"Triptych (from ancient Greek τρί-πτυχος “consisting of three tablets” ← τριάς “three” + πτῠχή “tablet, tablet”) is a work of art consisting of three parts: bas-reliefs, paintings, icons (folding), statues and others, combined general idea. The work is divided into three sections or three carved panels, which are placed side by side."
3559,56,Расследование,,1980,Dictionary definition,"Crime investigation is the activity of specially authorized state bodies to obtain information about an action or inaction that has signs of a crime, to establish the event and elements of the crime, to expose those responsible for its commission, to take measures to compensate for the damage caused by the crime, to identify the causes and conditions that contributed to the commission of the crime. In Roman law, judicial proceedings were divided into two sections: preliminary proceedings (in iure), which replaced the modern preliminary investigation and trial, and final proceedings (in iudicio)."
3585,82,"Сказка, рассказанная ночью",,1981,Too generic (no actual content),“A Tale Told at Night” is a Soviet fairy tale feature film released in 1981 by the Gorky Film Studio. Filmed by director Irma Rausch based on the cycle of works by Wilhelm Hauff “Tavern in Spessart”.
3650,2,Женатый холостяк,,1982,Too generic (no actual content),"“The Married Bachelor” is a Soviet film comedy directed by Vladimir Rogovoy, filmed by the First Creative Association and released at the M. Gorky Film Studio (Yalta branch) in 1982."
3662,14,Шестой,,1981,Too generic (no actual content),“The Sixth” is a Soviet adventure feature film produced at the Central Film Studio of Children's and Youth Films named after M. Gorky in 1981 by director Samvel Gasparov.
3664,16,Возвращение резидента,,1982,Too generic (no actual content),Return of the Resident” is a Soviet two-part feature film produced at the Central Film Studio of Children's and Youth named after M. Gorky in 1982 by director Veniamin Dorman
3679,31,Родня,,1981,Too generic (no actual content),“Kinfolk” is a Soviet tragicomedy film directed by Nikita Mikhalkov from a script by Viktor Merezhko in 1981. The film's script was written specifically for Nonna Mordyukova.
3688,40,Девушка и Гранд,,1981,Too generic (no actual content),“The Girl and the Grand” is a Soviet feature melodrama film produced at the Lenfilm Film Studio in 1981 by director Viktor Sadovsky. The film premiered in June 1982.
3702,54,Остановился поезд,,1982,Too generic (no actual content),“The Train Stopped” is a Soviet feature film directed by Vadim Abdrashitov and written by Alexander Mindadze. A production drama filmed in 1982 at the Mosfilm studio.
3712,64,Казнить не представляется возможным,,1982,Dictionary definition,Boris Zhadanovsky is the best graduate of the officer school in Kyiv. He is associated with revolutionaries and participates in demonstrations against the autocracy.
3721,73,Капель,,1981,Too generic (no actual content),"""Kapel"" is a Soviet feature film directed by Andrei Benkendorf. In the 1981 drama, Tatyana Doronina played one of her main roles in the film, who also performed two songs in the film."
3745,97,...которого любили все,,1982,Too generic (no actual content),"whom everyone loved"" is a Soviet documentary-biographical film filmed by Leonid Osyka at the film studio named after. Dedicated to actor and director Leonid Bykov"
3776,5,Невезучие,"Goat, The",1981,Dictionary definition,"The Unlucky Ones” (the literal translation of the title is “The Goat”, French La Chèvre, which means “Bait”, “ bait fishing”, there is also a French idiomatic expression “rendre chèvre” - “to drive oneself crazy”) - a feature film, a light French sitcom. The fifth film to feature François Perrin's character, the first to feature his companion Campana, and the first of three starring the classic comic duo Richard and Depardieu (The Unlucky Ones, Papas, The Runaways"
3838,67,Полёты во сне и наяву,,1982,Too generic (no actual content),Flying in a Dream and in Reality” is a Soviet feature film in the tragicomedy genre directed by Roman Balayan and written by Viktor Merezhko. The picture was in production in 1981-1982
3878,107,Предел желаний,,1982,Dictionary definition,"“The Limit of Desires” (another name for “The Same to You Doubled”) is a humorous story by Robert Sheckley from 1970. The story is written with excellent humor and sarcasm, ridiculing some of human sins - envy and pride."
3899,128,Не все кометы гаснут,ქველა კომეტა როდი ყრება,1982,Too generic (no actual content),"""Not all comets go out"" is a Soviet feature film shot in 1982 by director Devi Abashidze. The premiere took place in October 1983 in Moscow."
3928,8,Берег,"Shore, The",1983,Dictionary definition,"Shore is a narrow strip of interaction between land and a body of water (sea, lake, reservoir) or between land and a watercourse (river, temporary channel stream). It seems impossible to determine the exact line of intersection of the sea or lake surface with the land surface, which is the boundary of the reservoir, due to the constant change in water level."
3954,34,Время желаний,,1984,Too generic (no actual content),"Time of Desires” is a Soviet film shot at the Mosfilm studio in 1984, the last work of film director Yuli Raizman. Awarded the State Prize of the RSFSR named after the Vasiliev brothers for 1986"
3959,39,Ученик лекаря,,1983,Too generic (no actual content),“The Doctor’s Apprentice” is a film directed by Boris Rytsarev based on the Bulgarian fairy tale “Duel with Poisons”. The film was shot at the Film Studio named after.
3961,41,Дублёр начинает действовать,,1983,Too generic (no actual content),"“The Understudy Begins to Act” is a Soviet feature film, production drama directed by Ernest Yasan. Location shooting of the film took place in Dnepropetrovsk."
3963,43,На перевале не стрелять!,,1983,Too generic (no actual content),” is a Soviet feature film shot by directors Mukadas Makhmudov and Abdusalom Rakhimov in 1983 at the Tajikfilm film studio. The film takes place in the 1920s in Tajikistan.
3978,58,"Бойся, враг, девятого сына",,1984,Dictionary definition,"Herdsman Erzhan and his eight sons are bewitched by the evil wizard Tasbol (whose name in Kazakh means “be a stone”). Yerzhan’s youngest, ninth son, Erkenzhe, rushes to the rescue"
3979,59,Утро без отметок,,1983,Too generic (no actual content),"“Morning without Marks” is a Soviet comedy feature film produced in 1983 by director Vladimir Martynov. The premiere took place on the first day of knowledge - September 1, 1984."
4018,98,Комета,,1983,Dictionary definition,"A comet (from ancient Greek κομήτης, komḗtēs - “hairy”, “shaggy”) is a small celestial body revolving around the Sun in a very elongated orbit in the form of a line of conical section. As the comet approaches the Sun, it forms a coma and sometimes a tail of gas and dust."
4052,132,Пожар,,1984,Dictionary definition,"Fire is an uncontrolled combustion process, a strong flame that engulfs and destroys everything that can burn. The combustion process is an integral part of a fire, but combustion itself leads to a fire only in exceptional cases."
4059,139,Небывальщина,,1983,Dictionary definition,"A fable or non-fiction is a genre of oral folk art, a prose or poetic narrative of a small volume, usually of comic content, the plot of which is based on an image of a deliberately distorted reality. According to the definition of philologist-folklorist V."
4076,16,Опасно для жизни!,,1985,Dictionary definition,"Spartak Molodtsov (Leonid Kuravlev) is a man who cannot pass by. Because of this, he constantly ends up in different stories."
4088,28,"Прохиндиада, или Бег на месте",,1984,Dictionary definition,"San Sanych Lyubomudrov is an energetic and in his own way talented business person who can come to an agreement with everyone, establish the necessary connections and get hold of the deficit. His talent is the ability to make friends."
4092,32,"Сон в руку, или Чемодан",,1985,Too generic (no actual content),"“A Dream in Your Hand, or a Suitcase” is a Soviet feature-length color film filmed by director Ernest Yasan at the Lenfilm film studio in 1985. The following does not fully correspond to the film."
4101,41,Лидер,,1984,Dictionary definition,"Leadership, in psychology, is a process of social influence through which a leader receives support from other members of the community to achieve a goal. The explanation of leadership is reflected in several theories: situational, functional, behavioral and others, as well as the integral theory of leadership."
4129,69,Утро обречённого прииска,,1985,Too generic (no actual content),Morning of the Doomed Mine is a Soviet film produced by the Mosfilm studio in 1985. The film is based on the novel “Inspector of the Golden Taiga” by Buryat writer Vladimir Mitypov.
4147,87,Похищение,,1984,Dictionary definition,"Kidnapping is an unlawful intentional action aimed at secretly or openly, or through deception, capturing a person, removing him from his natural microsocial environment, moving him from his place of residence, followed by holding him against his will in another place. For the most part, it is committed for selfish reasons and has the goal of obtaining a ransom from relatives or people close to the kidnapped person, as well as forcing these persons to perform actions necessary for the kidnappers."
4150,90,Осенний подарок фей,,1984,Too generic (no actual content),“The Fairies' Autumn Gift” is a Soviet fairy tale film based on the fairy tale “Galoshes of Happiness” by Hans Christian Andersen. Filmed at the Belarusfilm studio in 1984.
4170,110,Грубая посадка,,1985,Dictionary definition,"Landing is the final stage of the flight of an aircraft (aircraft), during which the aircraft slows down from a height of 50 feet (15 meters) above the end of the runway until the aircraft comes to a complete stop on the runway. A rough landing of an aircraft (with increased overload) can lead to its destruction and disaster (death of the crew and passengers)."
4184,124,Порох,,1985,Dictionary definition,"Gunpowder is a multicomponent solid “explosive” (not a blasting substance) mixture capable of regular combustion in parallel layers, without access to oxygen from the outside, with the release of large amounts of thermal energy and gaseous products used for throwing projectiles, propelling rockets and for other purposes. The history of the emergence and development of the production and use of energy materials capable of relatively rapid energy release through various chemical reactions is voluminous, ambiguous and largely contradictory"
4199,139,Тяжелая ноша,Agyr yuk,1983,Dictionary definition,"Heavy burden is a common expression that refers to both physical and emotional heaviness. This phrase is often used in a figurative sense to describe difficult life circumstances, problems or responsibilities."
4212,6,Змеелов,,1985,Dictionary definition,"A snake catcher, or snake catcher, is a person who is engaged in catching snakes in the wild, mostly poisonous ones, for the selection of their poison or their subsequent keeping in captivity, as a rule, in serpentariums, including for repeated selection of poison. Professional snake catchers usually work in large serpentariums."
4223,17,Валентин и Валентина,,1985,Too generic (no actual content),“Valentin and Valentina” is a Soviet melodramatic film directed by Georgy Natanson based on the play of the same name by Mikhail Roshchin. Tatiana Doronina's last film role to date.
4238,32,Соседка,"Woman Next Door, The",1981,Dictionary definition,"Bernard Coudray is an exemplary family man, living in the suburbs of Grenoble with his loving, beautiful wife Arletta and his young son. Their orderly provincial life goes on as usual, until one fateful day Philippe and Matilda Bochard move into the house next door."
4240,34,Конец операции «Резидент»,,1986,Too generic (no actual content),The End of Operation Resident” is a Soviet two-part feature film produced at the Central Film Studio of Children's and Youth named after M. Gorky in 1986 by director Veniamin Dorman
4261,55,Под огнём,Under Fire,1983,Too generic (no actual content),"Under Fire is a film directed by Roger Spottiswoode, released in 1983. The film is based on the life of journalist Bill Stewart, who was killed in 1979 by the Nicaraguan National Guard"
4329,123,От зарплаты до зарплаты,,1985,Dictionary definition,"Blog Finance and MoneyPsychology How to stop living from paycheck to paycheck: a step-by-step guide to financial freedom Dmitry Geraskin is the head and co-founder of 4brain, a graduate of Moscow State University, a serial entrepreneur. I write articles on the topic “Finance and Money” and more, and also recommend the “Personal Finance” course."
4344,138,Проделки близнецов,"Girl and the Boy, The",1980,Dictionary definition,"Erich Kästner is a wonderful writer. His books, for children and adults, are known and popular all over the world."
4350,144,Супружеская неверность,Escapade,1980,Dictionary definition,"Adultery, or adultery (French adultère, Latin adulter - dissolute) is the betrayal of one spouse to the other. Obsolete synonyms (usually in the context of religion or canon law): adultery, fornication, also tricks."
4370,164,Светлячки,,1985,Dictionary definition,"Lampyridae) are a family of beetles, a characteristic feature of which is the presence of special luminescent organs - lanterns. Lanterns are located on the last abdominal segments, most often under the transparent cuticle, and are formed by large photogenic cells, which are abundantly intertwined with trachea and nerves."
4421,13,Ягуар,,1986,Dictionary definition,"Panthera onca) is a species of predatory mammal of the cat family, one of five representatives of the genus Panthera (Panthera), which belongs to the subfamily of big cats. The only representative of the genus in North and South America."
4431,23,Детская площадка,,1987,Dictionary definition,"A children's playground is an area where elements of children's outdoor play equipment are located for the purpose of organizing meaningful leisure time. Play equipment, in turn, is a set of structural structures that promote physical and mental development, taking into account individual characteristics and while having a beneficial effect on the social adaptation of the child"
4464,56,Время сыновей,,1986,Too generic (no actual content),“Time of Sons” is a Soviet color feature film filmed by director Evgeny Matveev at the Mosfilm studio in 1986. Screen adaptation of Joseph Gerasimov’s novel “The Gap in the Calendar.
4526,118,Тризна,,1972,Dictionary definition,"Trizna is a set of pagan funeral rites among the Eastern Slavs or part of them, consisting of songs, dances, feasts and military competitions in honor of the deceased. The funeral feast was performed near the burial site after the burning of the deceased."
4528,120,Безумие,Hullumeelsus,1968,Dictionary definition,"Madness, insanity (also obsolete insanity) is a severe mental disorder. Until the end of the 19th century, madness or insanity was considered behavior or thinking that went beyond the accepted social norm, such as painful convulsions, hallucinations while remaining fully conscious, strange or self-destructive actions, and suicide attempts."
4541,133,Сумерки,Twilight Time,1982,Dictionary definition,"Twilight is the time interval during which the Sun is below the horizon, and natural illumination on Earth is provided by the scattering of sunlight in the atmosphere and the residual luminescent glow of the atmosphere itself caused by ionizing radiation from the Sun. Twilight at any latitude below the Arctic Circle, depending on the definition of night, can be considered either as part of the night, or as part of the day between night and day."
4571,28,Разговор,"Conversation, The",1974,Dictionary definition,"Conversation is a form of interactive, spontaneous communication between two or more people. Typically, conversation occurs in verbal communication, while written communication is not usually considered conversation."
4587,44,Жертвоприношение,"Sacrifice, The",1986,Dictionary definition,"Sacrifice is a form of religious cult, a magical rite performed in order to appease supernatural forces, to receive help, protection, health and other benefits from them, or in gratitude for the fulfillment of any request. Exists to one degree or another in most religions."
4611,8,Побег,Out of It,1978,Too generic (no actual content),"“Escape” (French: La Carapate) is a film, a light French sitcom with Pierre Richard and Victor Lanou in the lead roles. The premiere in France took place on October 11, 1978."
4612,9,Беглецы,"Fugitives, The",1986,Too generic (no actual content),"“The Runaways” (French Les Fugitifs) is a film, a sitcom. The final of three classic comedies with the comic duo Richard - Depardieu (“The Unlucky Ones,” “Dads,” “The Runaways”)."
4624,21,Шок,,1989,Dictionary definition,"Shock (from the French choc - blow, push) is a pathological process that develops in response to the influence of extreme stimuli and is accompanied by a progressive disruption of the vital functions of the nervous, respiratory systems, circulatory system, metabolism and some other functions, the pathomechanism of which is based on a violation of hemodynamics, primarily microcirculation, with the development of tissue hypoxia. In essence, this is a breakdown of neurohumoral regulation and compensatory reactions of the body in response to extreme damage, with a further critical deterioration of the adaptation syndrome under stress."
4626,23,Шаг,"Step, A",1988,Dictionary definition,"1959 There is a polio epidemic in Japan, from which thousands of children die or become disabled. The Salk vaccine, used in Japan, is only effective in 60% of cases, and there is not enough of it for everyone in need."
4648,45,День ангела,,1980,Dictionary definition,"Angel's Day is the day of human baptism; This is also sometimes symbolically called name day. Name day is sometimes called Angel's Day because in the old days heavenly patrons were sometimes called Angels of their earthly namesakes; However, one must not confuse saints (people (holy souls)) with Guardian Angels sent to care for and protect people."
4650,2,Отче наш,,1989,Dictionary definition,"Our Father), also the Lord's Prayer (Κυριακὴ προσευχή; Oratio Dominica; Mltva gdⷭ) is a prayer in Christianity. According to the Gospel, Jesus Christ gave it to his disciples in response to a request to teach them prayer."
